{"spot_diameter_fullres": 146.68594, "tissue_hires_scalef": 0.10606141, "fiducial_diameter_fullres": 236.9542099999999, "tissue_lowres_scalef": 0.031818423}