{"spot_diameter_fullres": 146.52739999999997, "tissue_hires_scalef": 0.10606141, "fiducial_diameter_fullres": 236.69811999999993, "tissue_lowres_scalef": 0.031818423}