{"spot_diameter_fullres": 146.94936000000007, "tissue_hires_scalef": 0.10606141, "fiducial_diameter_fullres": 237.37973000000005, "tissue_lowres_scalef": 0.031818423}