{"spot_diameter_fullres": 146.52657999999997, "tissue_hires_scalef": 0.106337726, "fiducial_diameter_fullres": 236.69677999999996, "tissue_lowres_scalef": 0.03190132}